,Count
mic,92
ich,116
cha,357
hae,60
ael,100
chr,111
hri,110
ris,415
ist,202
sto,98
top,27
oph,38
phe,49
her,246
jes,64
ess,131
ssi,83
sic,22
ica,135
mat,44
att,40
tth,11
the,91
hew,6
ash,307
shl,33
hle,24
ley,113
jen,100
enn,170
nni,138
nif,23
ife,17
fer,48
jos,74
osh,71
shu,49
hua,18
ama,193
man,153
and,468
nda,284
dan,125
ani,296
nie,183
iel,128
dav,47
avi,129
vid,21
jam,135
ame,162
mes,44
rob,31
obe,19
ber,139
ert,74
joh,70
ohn,58
ose,64
sep,14
eph,48
ndr,245
dre,96
rew,13
rya,30
yan,119
bra,105
ran,223
ndo,60
don,129
jas,35
aso,14
son,130
jus,22
ust,67
sti,155
tin,171
sar,57
ara,205
rah,82
wil,47
ill,155
lli,140
lia,172
iam,22
jon,54
ona,98
nat,99
ath,138
tha,141
han,432
ste,163
tep,38
pha,42
bri,155
ria,267
ian,288
nic,175
ico,41
col,70
ole,66
cho,38
hol,42
ola,71
las,86
ant,232
nth,47
tho,40
hon,105
ony,49
hea,54
eat,20
eri,245
ric,285
eli,314
liz,44
iza,34
zab,16
abe,58
bet,63
eth,95
ada,62
dam,45
meg,26
ega,20
gan,47
mel,134
lis,207
iss,124
ssa,166
kev,13
evi,46
vin,93
tev,18
eve,72
ven,55
hom,14
oma,45
mas,20
tim,34
imo,22
mot,10
oth,17
thy,22
ina,353
kyl,20
yle,85
rac,47
ach,63
che,217
hel,164
lau,63
aur,82
ura,35
ure,40
ren,243
amb,49
mbe,54
rit,126
itt,66
tta,144
tan,156
any,68
ell,583
lle,275
har,277
ard,101
kim,45
imb,23
erl,63
rly,49
jef,11
eff,21
ffr,9
fre,49
rey,52
amy,19
cry,26
rys,77
yst,79
sta,165
tal,107
tif,35
iff,39
ffa,29
fan,50
jer,129
ere,122
rem,34
emy,8
ben,40
enj,14
nja,19
ami,180
min,90
mar,601
ark,64
emi,70
mil,93
ily,62
aar,18
aro,83
ron,181
arl,233
rle,109
les,98
reb,21
ebe,27
bec,16
ecc,10
cca,18
jac,93
aco,32
cob,13
hen,81
pat,30
atr,84
tri,133
ick,158
sea,30
ean,205
rin,223
zac,26
ary,106
mie,53
kel,102
lly,64
sam,66
dus,18
pau,17
aul,25
ang,91
nge,61
gel,63
ela,162
tyl,17
ler,42
sco,13
cot,8
ott,16
kat,110
ine,257
rea,85
gre,24
reg,33
ego,8
gor,13
ory,36
tra,100
rav,36
vis,33
isa,130
ken,131
nne,253
net,146
bry,31
lin,296
ind,121
nds,16
dse,8
sey,32
kri,67
ten,80
ale,274
lex,38
exa,17
xan,24
nde,98
der,103
sse,53
ati,84
tie,55
dsa,2
say,12
sha,1331
ann,538
nno,20
non,37
van,107
ane,284
nes,121
cou,20
our,33
urt,27
rtn,24
tne,31
ney,77
ali,244
lic,63
ici,72
cia,153
cod,6
ody,10
all,126
iso,22
rad,37
adl,9
dle,16
amu,7
mue,7
uel,67
haw,95
awn,114
apr,18
pri,40
ril,60
rek,27
thr,14
hry,16
ryn,53
had,51
nna,325
tar,107
ari,478
kry,30
jar,57
are,160
red,50
edw,8
dwa,13
war,18
jul,40
uli,51
lie,117
pet,8
ete,17
ter,151
oll,47
arc,71
rcu,12
cus,20
ata,87
jor,32
ord,49
rda,22
vic,19
ict,9
cto,11
tor,65
ori,132
acq,35
cqu,36
que,121
cor,98
ore,84
kei,74
eit,21
ith,45
mon,172
oni,151
jua,45
uan,126
nal,66
ald,53
cas,45
ass,62
san,104
dra,150
egh,13
gha,21
joe,21
oel,21
phi,35
hil,49
lip,15
bre,91
ret,69
ett,284
cat,42
geo,29
eor,23
org,33
rge,24
nto,67
ton,218
nio,20
cyn,12
ynt,7
thi,44
hia,145
tac,26
acy,11
thl,14
lee,188
een,167
ray,88
aym,25
ymo,12
ond,136
car,181
rlo,27
los,19
ndi,86
dou,5
oug,3
ugl,2
gla,5
cra,8
rai,49
aig,14
ndy,48
val,54
rie,196
ver,72
ero,59
whi,9
hit,17
itn,13
gar,57
err,212
rri,199
ili,75
lui,15
uis,39
dia,66
ana,354
els,33
lse,16
esl,25
sli,12
cai,16
ait,21
itl,14
tli,7
lea,73
eah,19
tas,77
rik,47
ika,142
ase,30
lat,111
ato,55
toy,27
oya,41
ent,72
dom,40
omi,44
ini,67
niq,43
iqu,61
fra,49
ank,15
ttn,11
eva,45
gab,13
abr,39
can,41
dic,9
ice,106
kar,123
lan,255
adr,40
dri,128
ace,42
cey,19
arg,34
rga,21
she,293
hee,52
ena,260
wes,14
sle,26
inc,24
nce,74
cen,24
lar,107
arr,191
rry,45
ffe,15
ery,57
cur,11
rti,37
tis,56
tod,4
odd,5
bla,18
lak,63
ake,138
tia,89
den,99
nis,131
tre,104
rev,18
evo,27
vor,12
set,18
joa,23
oan,29
luk,3
uke,4
fel,26
bro,33
roo,13
ook,10
oke,6
aus,23
dac,8
asm,21
smi,10
esu,6
sus,18
ala,129
usa,13
kay,55
ayl,106
yla,61
nan,65
anc,79
ncy,12
stl,11
tle,23
rus,25
uss,7
sel,69
mia,36
iah,56
mig,9
igu,13
gue,23
exi,10
xis,4
gin,37
jil,18
pam,7
mit,35
itc,6
tch,12
nah,47
ene,216
nee,83
eni,161
ise,105
mol,9
mis,40
sty,32
rio,75
hna,18
acl,9
cly,7
lyn,341
end,88
lac,39
hau,70
aun,100
dev,34
hei,17
eid,21
idi,21
tro,14
roy,20
luc,32
uca,3
des,76
esi,42
sir,17
ire,27
ree,118
mor,36
sab,33
mir,51
ira,115
aly,103
lys,43
yss,16
ish,336
res,86
esa,63
hnn,9
nny,47
mea,13
eag,11
aga,20
len,220
tab,14
abi,37
bit,5
rdo,26
art,81
has,38
nya,49
bob,12
obb,15
bby,9
cal,58
leb,5
enr,14
nry,2
rre,102
mal,93
llo,24
lor,113
nci,37
cis,6
isc,16
obi,23
bin,26
tam,70
anu,25
nue,17
mer,97
edi,26
dit,11
law,13
awr,4
wre,4
enc,35
cky,9
dal,85
ros,100
oss,10
jim,10
imm,10
mmy,14
big,7
iga,14
gai,7
ail,61
rol,50
oly,15
bil,17
dea,40
alb,20
lbe,27
tay,30
ylo,22
bek,7
eka,87
kah,13
cam,43
ebo,12
bon,19
wen,22
eal,44
oli,34
daw,26
cla,46
lay,35
ayt,18
yto,12
rth,17
thu,11
hur,9
rog,7
oge,7
ger,56
rto,34
sci,8
cil,26
lla,129
dar,126
cli,11
int,47
wal,19
alt,12
lte,5
lou,21
oui,8
bar,42
arb,12
rba,5
saa,12
aac,3
sie,53
gra,28
cri,37
rod,41
odn,1
dne,15
rid,32
idg,9
dge,9
get,9
cin,24
osc,6
sca,13
mau,27
uri,46
jai,22
aim,25
ime,29
ack,34
jay,44
alv,21
lvi,32
hec,2
ect,5
ate,69
ien,48
ele,135
tef,21
efa,15
lej,5
eja,14
jan,115
dro,18
rub,7
ube,4
era,119
ral,59
aud,39
udr,11
jav,24
vie,30
ier,54
tel,77
ely,96
bru,4
ruc,7
uce,6
deb,11
bor,14
ora,86
udi,24
rla,33
way,14
ayn,58
yne,76
vir,10
irg,6
rgi,19
nia,106
hal,122
nel,164
dwi,7
win,31
dyl,5
rel,140
eof,8
off,8
sav,12
ava,62
egi,11
ern,55
rna,38
lei,63
eig,40
igh,40
mee,34
ser,38
erg,5
gio,17
raf,14
afa,12
fae,4
ped,2
edr,38
kai,44
ede,28
ryl,50
aut,5
utu,2
tum,3
umn,2
tyr,40
yro,17
one,115
lyd,5
ydi,5
rom,39
ome,37
heo,11
eod,9
odo,8
dor,57
abb,15
nei,53
eil,38
wna,14
rra,92
nin,40
amm,37
nik,88
ikk,18
kki,9
onn,139
lai,52
air,57
sum,10
umm,3
mme,12
arm,61
rme,30
men,39
may,34
ayr,12
yra,29
erm,52
rma,53
mai,56
ain,120
edd,17
ddi,11
die,62
cah,6
arv,24
rvi,24
lev,17
emm,22
mma,24
vel,55
joy,15
rut,9
uth,10
spe,13
pen,13
cer,15
noa,9
oah,4
rau,5
suz,11
uza,6
zan,28
sop,11
jod,6
odi,19
raq,3
aqu,102
nao,2
aom,2
rne,80
est,90
jak,9
ila,101
edu,5
dua,6
uar,10
iva,24
yol,4
liv,13
ivi,23
via,62
ula,21
osa,32
oby,11
byn,5
kur,6
gle,15
glo,5
eug,6
uge,6
gen,64
log,3
oga,5
ram,67
amo,55
ryc,9
yce,29
tom,26
omm,8
pre,19
ker,51
von,107
elo,51
lod,6
rco,4
dai,22
ais,45
isy,5
leo,37
eon,67
nar,48
mag,26
agg,4
ggi,10
gie,11
lot,9
tte,136
jea,39
tys,13
yso,11
syl,10
ylv,6
anl,4
nle,11
ebr,8
ady,13
ity,16
hop,3
ope,9
elv,19
oha,17
rro,42
ces,16
lif,5
ffo,7
for,30
byr,4
lio,38
aci,51
cie,33
elb,14
lby,5
edg,3
dga,3
rox,10
oxa,6
tly,12
kas,50
joc,7
oce,7
cel,69
old,21
sth,4
aha,32
ham,76
ced,11
una,28
toi,9
oin,10
aba,20
bat,7
nkl,3
kli,6
enz,19
nzo,11
bia,18
nca,9
let,83
eti,17
tic,12
stu,5
tua,5
alf,11
lfr,9
edo,10
aub,10
ubr,10
rtu,4
tur,14
uro,8
oey,2
max,16
alp,8
lph,17
yvo,13
kir,34
irs,16
rst,34
iri,34
nit,84
ita,209
ort,31
orl,6
jad,11
ade,79
pai,2
ige,14
cos,9
oro,10
rot,5
ars,31
rsh,27
olb,10
roc,19
ock,12
rar,10
lso,7
mik,65
asi,67
sit,14
nri,11
riq,10
ear,38
gil,16
ilb,13
tes,35
irk,3
yve,4
vet,22
lij,5
ija,17
jah,22
how,3
owa,8
esm,11
smo,9
arn,75
cko,9
kol,31
ode,21
och,14
rho,8
eis,78
hay,53
bea,9
eau,13
dem,64
eme,55
met,30
etr,46
riu,26
ius,52
cec,9
eci,56
aty,9
wad,3
ift,1
fto,4
yse,19
ynd,35
agh,6
sai,18
aia,10
xav,5
sal,48
lva,13
vad,5
ado,35
sol,14
gua,9
uad,4
alu,8
lup,4
upe,5
ynn,112
sas,9
isr,7
sra,5
rae,43
cka,36
uen,13
nti,74
yme,10
uby,1
iar,17
cki,24
kie,42
nor,48
orm,11
iny,13
hun,33
unt,34
nte,114
con,37
sim,23
nea,35
ile,72
lew,2
ewi,3
wis,3
bbi,17
bie,32
fai,8
jud,13
rli,79
rno,6
alm,19
lma,30
qui,140
uin,44
lil,36
oyc,6
arq,40
rqu,42
uit,37
lam,43
hli,10
ema,79
gav,4
yes,24
ese,59
sen,43
per,37
ons,23
nst,14
ays,28
nad,27
adi,66
ner,34
bel,50
eck,12
rud,14
udy,4
sem,10
lon,101
nev,14
iev,5
yna,43
tty,13
cke,32
key,52
wig,3
ght,6
ror,3
osi,20
sia,89
shi,185
hir,43
irl,9
noe,11
liu,7
ucy,1
bev,5
lix,5
nol,15
dol,21
olf,7
lfo,12
axw,1
xwe,1
wel,16
hly,12
pab,1
abl,5
blo,3
rib,8
ibe,15
ono,14
nov,10
ova,29
iot,9
yre,25
fab,9
fon,14
nso,29
adf,1
dfo,2
gus,18
tav,50
avo,50
etc,2
pie,9
loy,7
oyd,5
jol,23
ngi,4
tat,7
inn,45
syd,5
ydn,8
mac,24
nzi,18
zie,20
erb,6
rbe,6
gui,9
uil,20
rmo,13
mek,36
ias,19
hin,41
eso,6
osu,5
sue,13
sme,8
lda,27
sid,20
idy,11
ism,9
sma,21
mae,12
orr,63
owe,9
sau,15
kor,32
dex,3
ext,2
xte,2
gwe,6
esc,8
fal,17
viv,9
ave,60
ion,87
asa,33
ets,7
tsy,2
sky,7
sad,18
ckl,10
kly,7
aeg,4
ipe,7
alc,3
lco,2
olm,3
nta,107
nas,44
ast,38
mad,35
del,165
dil,15
rlt,3
lto,24
orn,24
rec,26
cio,35
iou,18
ous,31
ivy,2
chi,79
hiq,4
hai,37
ont,105
ive,17
aki,84
kis,29
uci,18
guy,3
ilt,7
cae,8
teb,1
eba,18
ban,18
lsi,10
ntw,16
twa,11
wan,73
yli,34
erc,10
rce,31
omo,19
var,34
nae,31
kac,7
idn,3
ike,35
chl,4
hlo,6
loe,3
lec,21
oci,2
maa,7
aal,6
dei,14
idr,14
vat,2
ieg,4
mmi,23
hug,4
ugo,2
ing,42
sho,70
day,33
rci,14
luz,4
liq,1
kal,70
sil,28
ilv,12
nki,4
olp,5
eld,32
ldo,29
tob,9
din,44
kes,44
esh,279
tos,15
mos,7
ses,8
inq,2
nqu,10
bbe,6
bey,4
tyn,34
dew,12
ewa,16
alo,44
onz,11
ebb,7
par,23
rke,29
myr,13
bai,6
oct,8
cta,8
ryo,6
yon,37
iov,6
flo,12
onj,3
kod,5
dis,23
kan,39
rei,25
ins,18
nse,20
moi,5
ois,11
rcy,4
tni,16
oks,1
iro,16
eny,27
rta,15
cks,3
kso,2
itz,20
tza,12
seb,6
bas,19
lad,37
tew,3
adw,2
wic,1
eem,37
reu,4
eub,1
nak,29
kia,61
ils,6
dap,8
aph,15
phn,6
hne,14
yde,16
rhi,7
tof,7
ofe,4
kee,51
olt,8
gia,17
ano,48
det,12
oem,2
iag,5
ago,7
ted,10
eyn,13
sof,2
ofi,5
fia,4
hes,21
rex,3
arj,7
rjo,3
jaz,18
azm,10
zmi,5
ddy,8
rso,18
rap,6
dys,8
ize,13
zet,17
oaq,3
dio,22
peg,4
egg,15
ggy,2
eea,20
aya,58
deo,19
olg,1
lga,1
riz,10
efr,7
lyl,6
olo,24
lom,12
rig,22
igo,8
gob,2
yns,5
tit,9
hum,7
umb,2
lah,39
sio,18
iob,3
obh,1
bha,3
rve,14
vey,7
eed,16
gis,10
gri,13
sht,5
hto,3
lyc,8
yci,10
age,10
ugh,12
add,20
dde,4
deu,5
eus,11
irb,3
rby,5
ues,15
fat,9
ima,56
onr,6
nra,3
laq,34
amr,14
mra,7
ial,16
kou,7
myl,12
ngr,1
dly,2
irm,1
wya,2
yat,9
dur,12
eeg,4
hie,24
haz,6
oti,12
oes,2
esp,5
sph,2
yad,6
dir,8
jov,16
edn,2
dna,5
ign,9
gna,7
nac,9
nnm,1
nma,7
uka,2
imi,37
nig,10
urd,4
rde,21
ilf,6
lve,12
ves,12
zoe,2
lsa,5
rku,4
kus,7
eir,14
ird,2
rdr,3
rte,25
tez,15
kam,44
ude,16
ahm,16
hma,10
nye,25
yel,18
gga,2
tny,5
two,5
won,14
yas,19
iko,34
odr,15
mck,8
ild,14
ysh,36
iki,26
eel,36
ece,32
sac,9
hav,30
pao,4
aol,4
jun,16
une,8
ans,30
hey,15
eye,7
yen,18
asp,7
oty,3
haq,24
edm,5
dmu,2
mun,9
und,56
kyr,12
eca,16
lut,3
ezr,3
zra,4
por,26
sef,9
ers,36
ras,65
kil,14
iet,22
sso,7
agu,15
tye,13
lel,10
mio,2
pea,7
dun,5
unc,3
usi,7
sun,14
unn,12
kit,30
vio,23
iol,7
eta,54
rki,17
aja,19
gal,13
dee,48
eun,10
uni,26
igi,12
git,8
udo,3
oos,1
sev,9
elt,10
sik,3
rhe,10
het,13
rty,3
ies,47
moh,7
jaq,17
ida,64
xia,3
nem,1
ors,12
dej,9
eju,5
tio,13
urr,10
rif,11
ffi,13
fin,17
rgo,4
tee,32
ysi,12
som,6
rni,26
tau,13
jed,6
pho,14
taw,16
wny,4
agd,8
gda,7
atl,10
ito,17
tuc,1
uck,7
lem,23
elm,22
lme,9
osv,1
sva,1
nai,30
med,9
aft,6
itu,3
tus,5
ivo,11
rch,17
hak,58
tti,28
occ,2
cco,6
kae,19
axi,9
xin,1
erv,13
cyr,6
yru,3
ymu,3
faw,2
nam,24
yaj,2
urs,4
rsu,1
sul,12
qua,101
dul,11
ulc,2
lce,4
vau,9
aug,17
ghn,9
isi,25
ngo,4
teg,1
dae,10
phy,8
hyl,12
yll,11
omy,3
tad,3
heq,5
equ,43
loi,6
keo,16
fry,2
rmy,3
did,8
gon,7
nza,9
zal,8
fid,2
ide,22
nek,29
ruf,3
ufu,1
fus,1
ldi,5
tae,19
uly,8
uze,1
far,26
bio,5
lid,9
laz,7
aza,15
zar,19
awa,35
efi,3
ryb,3
ybe,5
aye,23
hme,6
lik,10
mey,13
cru,2
ruz,2
ndl,6
uie,10
aze,6
zel,18
dsy,2
hoe,6
oeb,1
eze,12
zek,4
eki,32
tto,10
ugu,8
ein,16
nco,6
oln,2
uds,2
dso,6
dmo,3
bud,2
udd,3
ech,26
uia,12
coy,4
nab,16
tai,27
rgu,7
uer,3
ite,11
ino,57
kad,9
fed,2
got,1
ior,4
ule,19
eif,1
hub,1
anz,5
aid,29
ahs,7
hsl,2
ams,9
mso,3
kea,34
jew,2
ewe,5
fay,6
dak,4
ako,9
kot,6
ota,10
sch,19
chu,13
huy,4
uyl,2
coo,1
oop,2
iti,21
hat,35
ldr,10
arw,7
rwi,8
dyn,5
kra,4
nsu,3
rak,12
dix,2
ixi,2
xie,6
cad,7
low,6
kin,47
dyc,3
lit,37
ggo,1
joi,3
cul,1
ull,13
gid,5
rax,1
axt,4
xto,6
bab,7
aby,4
kye,7
mye,6
ayc,20
cee,11
hor,12
xio,2
iom,6
muh,3
uha,5
nav,14
odg,1
oyi,2
yia,11
mse,3
wnd,10
ded,5
gay,7
erw,5
hou,6
yul,7
hos,6
wnt,14
izb,3
zbe,3
yet,13
nil,24
ndt,3
eas,31
lib,13
ibb,2
irv,3
seo,1
env,2
nve,2
cle,29
vit,18
fle,2
eos,5
meo,7
ahe,24
ymi,3
fio,4
ees,41
uah,1
ssy,15
cay,14
alk,4
lke,2
eno,26
eia,31
ury,7
osl,7
sly,15
lde,15
tak,33
uns,1
nsh,1
hem,22
mak,22
ked,13
eda,32
tey,8
qul,7
rnu,1
nul,1
ulf,1
bly,1
lyt,1
yth,6
bes,2
tah,13
ahn,8
rdy,3
hns,2
hnp,4
npa,7
kob,3
jab,11
rsc,7
rva,6
oba,9
bal,12
wai,7
riy,4
iya,45
xim,8
kym,6
ymb,6
rim,16
naf,6
afe,8
nez,3
emo,23
lbu,4
bur,15
ats,3
kip,5
hid,12
nty,4
kha,32
onm,1
nmi,5
ayd,20
boy,4
yos,11
enu,2
nus,3
teq,6
aec,4
myc,4
ych,6
nch,14
lsy,3
zec,1
ket,25
etu,4
cyl,3
neh,4
ehe,3
eya,41
eyo,12
giu,5
use,9
epp,5
ppe,8
zeq,1
nyd,1
ntr,35
eop,5
opo,2
pol,13
ryd,7
yrs,4
okl,3
riv,10
ivk,3
vka,2
orb,6
ucr,3
cre,21
tyi,4
yis,9
mei,25
eik,17
shy,10
uet,17
yly,20
iez,2
zer,6
pry,3
mmo,4
irn,1
daj,4
aju,13
ngt,8
gto,8
lag,10
agr,4
gro,5
stp,4
tph,3
yrn,2
hif,4
sis,7
anj,20
nje,4
jel,9
pia,3
dsi,4
lol,4
str,9
aes,7
ysa,15
yur,7
eec,6
wey,1
run,7
uno,1
apo,14
agn,11
gne,7
tou,4
aea,4
mab,3
elu,4
ibr,6
ahi,26
him,14
nib,2
iba,10
yeh,5
ehu,7
hud,6
uda,6
nir,10
llu,4
lus,11
lav,39
dij,5
nyo,8
yah,21
woo,12
ood,13
row,7
itr,24
sye,3
yed,5
wnn,2
kla,11
mus,7
taf,10
gag,1
dim,12
lba,8
zen,12
yni,12
sae,6
rye,8
inh,8
emu,5
noc,5
das,24
mew,1
bam,2
mbi,4
sed,8
ulo,9
phr,4
hra,12
buc,3
raj,17
aji,9
jiv,2
mim,4
uez,4
arh,7
sec,4
eaz,1
doy,3
oyl,5
cij,1
iji,4
mro,3
tna,3
nay,35
abd,9
bdu,7
atu,6
pip,1
pal,4
nys,5
ong,29
hnm,2
shm,8
toh,4
ohe,5
his,16
ens,22
sin,22
spa,5
rkl,4
kle,8
oir,1
huc,3
nju,4
leg,5
egr,4
yaa,3
aak,5
kov,2
rmi,26
phu,8
huo,5
uon,11
pey,1
eyt,3
ssj,2
sja,2
myk,6
yke,8
miq,2
ovo,5
mua,2
ual,16
viu,10
icc,7
cyd,3
ilo,14
nsl,7
lop,3
eha,11
yam,15
rko,3
osp,2
peh,3
yaz,2
tea,25
roe,5
rbi,11
amd,7
mde,1
nen,16
anh,12
zeb,10
ebu,3
bul,4
yus,4
usu,2
suf,1
tem,20
ush,18
neq,10
eam,7
pil,1
nap,2
lka,4
yoe,1
tru,13
rum,5
uma,12
wni,13
aka,33
loh,1
yal,12
cet,5
eto,14
tzi,7
inl,3
ege,6
iec,16
bij,3
ijo,6
ilm,5
tov,4
coe,1
ned,9
jev,2
bjo,1
aca,18
cac,4
hao,3
oxi,1
ahu,4
hul,3
dec,5
mam,2
tei,8
ios,12
rtl,7
tla,9
asl,5
anw,1
nwa,2
yit,3
tzc,2
zch,2
hok,2
syr,4
eet,16
hmu,1
hod,4
oda,7
opa,6
nid,10
nsi,10
edy,6
njo,5
fft,1
urn,14
sah,13
myi,4
upi,1
pit,2
iea,29
sua,6
sre,3
cap,5
azu,3
zuc,1
eai,6
anf,4
nfo,5
roj,1
oje,1
ipp,8
mya,6
ikh,5
gau,3
aux,3
laf,4
ofo,1
khr,8
onp,1
fav,3
sro,2
spr,1
sag,2
rue,5
ueb,1
owd,1
wdy,1
qia,1
lya,16
jeb,3
fau,3
wne,18
khi,5
mec,14
teo,14
rka,5
mah,27
aho,2
hog,3
orc,9
rca,5
jal,18
vik,9
ikr,1
seq,9
quo,8
uoi,3
oia,4
eym,3
ekk,2
kka,9
nec,22
kec,6
iru,1
fri,10
lth,1
zak,10
vla,1
yei,4
twi,3
ffn,4
fne,2
ref,1
efu,1
fug,1
ugi,2
pas,8
asq,1
squ,2
osw,3
swa,3
nsa,5
acr,9
kun,3
dah,12
job,5
gol,4
fos,1
ost,12
ied,6
ahl,13
avr,8
vra,4
zah,8
ahr,6
toc,3
urm,1
izz,9
zze,6
hac,7
yar,10
emp,7
mpe,5
pes,5
fen,6
eek,8
rhy,2
hys,2
poo,2
ooj,1
oja,1
nro,4
ilu,4
lek,19
lye,10
nef,6
efe,8
see,16
cea,11
mbr,18
aie,9
ept,1
pte,1
emb,6
pag,3
miy,4
uig,1
ung,12
gem,4
dru,5
yri,18
cuo,1
dey,11
lal,9
zul,6
xen,2
hyr,4
aen,5
haa,5
aad,4
pay,3
pan,10
maj,7
ajo,8
uiz,2
zzi,3
cit,4
dya,13
reo,8
ntu,5
yae,1
vij,1
twy,2
wyl,3
dad,6
roh,5
orf,1
rfi,2
fir,2
iae,1
kyn,7
kwa,4
wam,1
duy,2
onw,3
nwy,1
wyn,20
nji,7
wau,5
kiy,15
ifa,14
soc,3
oco,4
uoc,2
puj,1
uja,2
lao,5
aos,3
mur,7
eke,22
jou,5
imr,2
ieu,4
eng,15
ngl,7
stt,1
sor,6
led,4
sla,9
ubi,7
nub,1
ols,3
isb,1
sbe,2
nua,5
jaj,3
duk,1
dov,4
ntl,6
axe,1
xel,2
dry,4
iee,3
you,6
xoc,3
hed,7
ryj,2
yja,2
kon,8
erd,5
rdi,10
daq,2
aiv,1
ivd,1
ngu,4
eer,18
mba,3
inf,6
nfr,3
aru,18
uzi,1
ume,3
tet,2
tso,3
orv,5
vil,7
nyc,2
yco,2
niy,3
til,18
ryk,8
yka,10
yjo,6
com,4
elc,14
lci,8
syc,2
yca,5
aws,3
wso,2
orw,3
boo,2
oon,5
rbr,1
isl,14
vas,11
bba,5
slo,3
loa,3
asc,10
scu,1
cua,2
bed,5
nos,8
hue,5
coi,2
dud,1
udl,2
dax,1
rag,7
vro,3
oho,1
zoi,1
oil,3
nob,2
yoc,1
hev,12
ved,4
hik,19
syb,3
ybi,3
epa,6
lbi,10
amp,6
mps,4
pso,4
eft,3
fta,4
rgr,2
aev,2
eob,1
eys,9
irt,4
jin,8
jih,2
iha,8
anm,4
aic,4
hoa,11
rov,1
ove,14
nky,2
fla,3
cic,4
zip,4
ppo,4
web,1
ebs,1
bst,1
tyq,1
yqu,2
tya,14
roq,1
oqu,1
fea,2
ucu,1
inw,2
nwo,4
lez,4
ezl,3
zli,2
kav,7
ovi,10
fil,9
liy,4
elg,1
lgi,2
onc,11
cep,2
epc,2
pci,2
cag,1
iej,4
ejo,7
bao,1
abn,2
bne,1
vek,1
rab,11
osb,3
sba,1
nim,7
igd,3
ciu,1
kez,2
ezi,5
zia,14
eyl,6
orj,3
rje,2
hni,12
asn,4
irw,1
hoy,1
oyt,1
gas,4
lig,5
edl,2
dli,1
duj,1
uju,2
dju,2
dat,3
azi,16
ziz,4
mda,2
oun,3
tue,2
esd,3
sda,3
asu,7
sur,3
taj,6
pah,1
eef,6
mmu,1
hya,16
mod,2
ngs,4
gsl,1
kho,4
kaw,5
anp,6
smy,2
myn,8
iai,4
hus,11
sei,4
eav,5
ebi,2
dag,4
aer,5
pac,1
hiv,8
eep,8
eco,6
uee,8
obr,5
noo,2
oor,3
naq,2
meh,8
ehg,1
hga,1
nns,1
oto,3
kio,6
jae,6
try,10
ehr,4
hre,10
deq,4
elf,4
lfi,3
avy,4
woi,2
ntj,1
tju,1
bad,4
tir,10
cci,1
ayv,8
obl,1
ble,8
olu,10
vre,1
tik,10
not,2
hnt,3
cql,1
qly,1
lsp,1
tip,4
iph,6
ayi,4
rse,8
app,6
nku,1
lta,8
zor,3
zin,5
uba,3
tzv,1
zvi,2
uru,1
syn,4
hek,16
lim,13
chm,2
hmo,3
nka,5
kko,4
nga,7
eyd,2
yda,10
lym,3
yma,14
inz,10
nzy,3
awi,2
wik,1
jaw,11
waa,1
aan,19
elr,5
lro,3
zio,7
tiy,5
shw,2
hwi,2
zai,7
hti,2
tyw,5
ywa,8
tyj,2
yju,1
yie,4
toa,1
sap,5
apn,1
pna,1
ohi,3
yno,10
nyk,2
yki,6
nyi,5
urp,2
rph,3
juv,3
uve,7
hnd,3
nip,3
ntz,5
tze,2
aem,4
igy,2
dez,14
ezm,3
zmo,4
evy,7
vyn,6
hip,2
taz,4
rju,2
gat,3
yoa,2
yer,9
yak,4
dda,3
aeu,2
nag,3
agi,7
mou,3
oud,1
oua,13
sce,5
jet,4
zmy,2
esk,5
ska,4
eds,2
evl,1
vli,1
lvo,2
iaa,2
urk,1
buf,3
ufo,1
zev,1
yec,5
irz,2
rza,5
tek,10
aee,3
ufi,2
pro,1
ymp,1
mpi,1
lua,5
stn,5
suh,3
azz,9
zzm,5
gun,5
god,3
odf,1
dfr,1
eov,4
gae,4
aet,3
dot,1
wit,2
bee,4
lmo,5
nnd,5
mri,4
exs,3
xsa,3
bdi,1
eho,1
ywo,2
iek,11
uzy,1
uea,3
sne,3
kem,12
hab,8
bna,2
irr,14
aed,3
ozz,2
laj,5
juw,3
uwo,1
naj,9
mys,5
ntg,1
tgo,1
gom,1
coa,1
lur,3
lul,3
fah,8
kof,1
iei,2
spi,4
pin,8
bow,3
bag,2
ulm,4
iyy,3
yya,5
urq,1
vah,4
oht,1
hty,2
heb,9
erj,1
rji,1
jio,4
amn,2
mna,3
saf,6
afi,14
fiy,4
pax,1
ews,3
gea,9
awe,2
wer,2
lae,3
jem,13
obo,1
vri,3
rns,1
fie,10
ead,6
cro,1
sby,1
cip,1
ipr,1
uch,7
twu,1
wua,2
adg,1
efo,2
shr,10
sej,1
sak,6
rez,10
eza,11
noh,3
new,3
ewt,1
wto,2
rtr,9
qus,2
ynz,5
kre,5
arz,3
rzy,2
zyn,1
ssl,3
ioa,2
aik,6
ibn,1
ayw,2
iul,4
gee,2
gam,3
iaz,2
div,5
vya,2
zir,3
rui,4
cir,3
tap,2
rok,3
cav,2
ido,8
tol,8
byb,1
ybo,3
asy,6
sya,4
mbu,2
eks,4
ksa,4
kiv,2
zav,3
hic,2
ruo,1
oca,3
tij,3
iju,5
dni,5
hro,3
hah,18
saw,1
awy,2
wye,1
hez,4
aje,8
aiz,7
aff,11
pad,3
osm,5
tiv,4
lov,10
kik,3
hla,9
uaq,1
ohs,2
hsu,1
hny,1
eru,2
nfa,2
gyp,1
yps,1
psy,1
fue,1
ddr,9
rha,8
duw,2
uwa,8
dup,1
upr,1
duc,1
ids,1
chy,5
ohp,1
hpe,1
rls,4
but,1
utc,2
tsh,1
zur,1
nuj,2
mpa,2
usm,1
tun,8
tow,6
sve,1
ult,4
six,1
ixt,2
ilp,1
lpa,2
ask,4
ski,5
shn,4
eev,4
ayf,2
yfo,1
mbo,3
nyl,8
oam,4
mem,2
mcc,2
axf,1
xfi,1
rym,1
ryg,1
ygr,1
ynw,1
uku,1
lap,9
akr,3
oet,2
imy,7
ipo,5
mpt,1
pto,1
gwy,4
ppi,1
dmi,2
evr,3
pak,2
isp,2
gno,3
bej,1
bak,6
sif,3
als,9
lst,4
yom,7
uye,8
ahj,1
hja,1
pph,3
ips,1
eac,2
pav,2
ikl,2
adj,1
dja,1
ghe,7
its,2
tsa,2
izi,7
kiz,2
zzy,2
kap,2
oie,1
hnr,1
ssc,1
nyf,1
yfe,1
npi,1
uid,3
ges,3
fli,2
eul,7
elw,5
lwo,1
cem,1
bus,4
dye,2
beu,1
rcl,1
shb,1
hby,1
naa,6
oys,1
siu,2
ulu,2
lun,3
yee,2
hib,5
taq,8
ifr,4
rwo,2
owl,1
wla,1
euv,1
ahc,1
hce,2
goc,2
yte,2
mav,2
ryr,1
maq,1
ceo,2
nze,8
zee,3
luv,3
uvi,4
eol,3
gst,2
kya,6
oao,1
fly,1
fit,3
tzg,1
zge,1
eur,3
epi,1
pif,1
gli,4
tid,2
fac,1
tse,1
adn,6
ilh,3
lhe,3
wat,3
vuo,1
diu,3
sut,1
utt,2
sig,4
gif,2
awo,6
hrd,2
rao,1
aou,1
oul,4
lmi,5
nhu,3
diy,5
elj,2
ljo,1
mca,1
thh,1
hhe,1
uic,1
lky,2
koh,1
ohl,1
nnt,2
lcy,2
kej,1
seh,2
jho,4
syk,1
nnf,1
nfi,2
jee,4
irf,1
rfa,1
gly,5
vev,1
rdn,2
gao,1
enm,2
iem,7
ecl,1
dau,1
ryt,6
yta,3
dgi,3
eez,5
ezy,1
bax,1
shf,1
hfo,1
fte,1
aam,5
yok,5
oko,6
xua,1
wac,1
vea,2
sna,2
vai,1
uva,3
urb,2
tyk,5
eot,4
pir,2
pec,1
sat,8
icu,3
exf,1
xfo,1
pra,4
pla,1
cid,3
peb,1
bbl,1
gec,1
nyr,1
oka,3
nij,2
ajl,1
jla,1
ayg,2
yge,2
axx,1
kos,10
mao,1
lue,2
lub,2
ubn,1
kul,2
enl,3
kao,2
niu,2
udg,1
aht,1
hta,1
ief,3
azl,1
zly,3
acc,5
uey,1
amz,4
mza,3
hag,4
gop,1
eln,1
lno,1
iud,1
iab,1
dvi,1
omn,3
mni,1
ndn,2
cei,3
bli,5
bay,6
hio,2
ezk,1
zke,1
xyl,1
wym,1
wll,1
yrr,1
tuy,2
asz,2
swe,3
wet,1
usy,1
eak,2
siv,1
eic,5
roz,6
ozl,1
oxy,1
osy,1
rts,1
hsa,2
qur,2
nou,3
deg,1
ryh,3
yhe,4
rja,3
iad,9
eje,4
ahd,2
hdi,2
ttl,2
oiy,1
rua,1
afo,1
kek,1
eko,9
koa,2
eio,5
ytl,2
veh,1
ocl,1
jhe,1
jeh,4
jau,4
jat,6
jap,1
hig,1
nly,1
arp,3
rpe,1
mid,4
iac,3
aue,3
dwy,2
erk,5
niz,1
roa,3
cuy,1
drw,1
ilc,2
lca,2
tag,4
ixa,3
icy,3
zou,1
ckr,1
cch,1
niv,7
yea,4
uny,1
aiw,2
iwa,6
meu,1
haj,3
daf,4
vky,1
adh,4
dhi,3
nla,1
pru,2
pio,1
otr,1
ppa,1
nuv,1
icl,3
clo,7
neo,3
eom,2
vee,5
asr,1
gge,1
rwa,3
icr,1
jid,3
ydo,4
lud,3
exy,2
leq,3
awt,2
kii,2
iir,2
keg,1
juj,1
joz,2
oze,4
oye,4
ifi,1
zma,7
ckq,1
kqu,2
gig,1
gib,2
ibs,1
bso,1
fad,2
rsk,1
lra,2
lum,3
url,2
uff,2
ffy,2
ghi,2
dii,1
bod,2
ubu,2
mby,1
lok,1
aln,1
lni,1
alg,3
lge,1
gos,1
bim,1
zol,3
zed,3
ahy,2
wol,1
lfg,1
fga,1
ikt,2
kto,4
unk,2
nkn,1
kno,2
now,3
own,3
tul,4
cya,3
mne,2
teh,4
cye,2
sok,3
okh,2
ocr,1
rat,10
ncl,2
imc,1
mch,1
gou,1
sax,1
axo,2
xon,4
rup,4
oza,4
lds,1
izy,1
erf,1
rfe,1
fec,1
ozi,3
nur,2
nha,3
naz,8
ajw,1
jwa,2
fis,1
tzy,1
thc,1
ehd,1
maz,2
ylu,1
keb,2
aij,3
eaa,1
eyi,1
lab,6
kew,3
jur,5
hwa,1
hnh,1
nhe,1
caa,1
jeo,3
fif,1
zzl,1
bib,4
anv,1
nvi,1
goe,1
oer,1
giz,1
ipa,1
elz,2
lzi,1
lsb,1
lls,4
lsw,1
swo,1
wor,2
abt,1
bth,1
lbo,3
dut,1
urw,1
dma,3
dig,1
lwy,3
elp,6
cza,1
cys,1
cig,1
esn,2
vez,1
rlu,1
wst,1
ntt,2
oru,1
boe,1
bic,1
bda,1
aai,1
yum,4
umi,7
wav,1
was,3
waf,1
alr,2
lri,3
paz,2
ote,4
sym,3
uzz,2
suo,1
suj,1
uje,1
jey,1
sub,1
lyv,1
yvi,1
igr,1
nyn,2
ahb,1
hbe,1
saq,1
ecu,1
ckf,1
kfo,1
ekh,2
rej,1
reh,4
ayb,5
ybu,1
oen,3
nix,3
pep,2
luf,1
ufe,1
fem,3
bun,2
unm,1
mdi,1
goz,1
ngh,1
hsh,4
fee,3
yrt,1
kke,1
egu,3
gum,2
iat,3
lyr,3
oid,1
raa,4
kru,2
upa,3
kiw,2
hmi,5
aip,1
jyl,1
ssu,2
jej,1
ehn,3
jax,1
ije,1
iis,3
tiu,1
gya,1
gut,1
raz,4
vag,2
lwi,2
zil,1
awu,2
wud,1
veo,3
uau,1
auh,2
uht,1
hte,2
moc,1
raw,2
awf,1
wfo,1
udn,1
hrs,3
rsi,1
ndu,3
mpb,1
pbe,1
mdo,1
ibi,4
byg,1
ygi,1
gir,4
suc,1
shk,1
hka,1
apa,3
tig,2
nht,1
hth,1
xsi,1
aix,1
aei,2
ulr,1
zon,2
yun,4
yuk,4
uki,3
xza,4
xue,1
wyk,3
tyf,3
yff,3
imt,1
mto,1
ohy,1
odu,2
amk,1
mki,1
epf,2
pfa,1
eap,1
soo,2
ecr,2
chn,3
neu,2
ruv,1
rul,3
omu,2
mul,2
odm,1
mzy,1
eim,5
fiq,2
qun,3
qas,2
paw,1
nhi,2
nau,4
ilk,2
mcl,1
yga,1
ryf,1
yfr,1
rij,3
lgo,1
orz,1
zat,1
nsy,3
tec,3
enw,2
uas,6
aky,5
kys,4
kwe,2
uti,3
kom,1
hoi,1
kaj,3
kab,2
bir,5
huw,1
aua,3
hnw,1
nwi,1
oab,1
jis,1
jib,2
sup,1
asd,1
sde,2
akl,2
yln,2
iye,1
ump,1
mph,1
eog,2
ogr,1
gry,1
odw,1
arf,1
vam,1
elk,3
dyr,2
ixo,2
imp,2
mpl,2
ple,2
yck,2
dep,1
dek,6
ayo,8
wnm,1
ims,1
onl,2
hap,2
api,2
rih,2
lki,1
ths,1
zus,1
azr,2
zri,1
zad,5
deh,1
yod,1
avn,1
vni,1
tib,2
myj,1
mdr,2
exz,3
xys,1
jit,2
aiy,4
gni,1
esz,1
szk,1
zka,1
zei,2
yva,1
yor,1
ork,2
yaq,1
odl,1
vut,1
nod,1
tyo,1
tym,5
tuo,1
ngv,1
gvi,1
wns,1
tiw,2
tiq,2
heu,3
rnt,2
tej,6
zza,3
soy,1
hyv,2
hep,2
anq,4
ikq,1
uoy,3
eij,1
bah,5
ckw,1
ifk,1
fka,1
inb,2
nbo,2
quy,1
uat,2
rks,1
yio,2
seg,2
yem,1
nke,2
kau,1
auj,1
ikc,1
kco,2
oal,4
neg,3
mrk,1
iry,3
iav,2
sou,3
npr,1
ouv,1
inu,1
ibo,3
eib,1
wra,2
kyo,4
krz,1
zys,1
ysz,1
szt,1
zto,1
nox,3
kji,1
jir,1
kje,3
iyo,7
nbe,2
rix,3
yti,2
ioc,1
zef,2
jow,2
joo,1
onh,1
jom,4
hnc,2
thn,1
oas,1
oac,1
llm,1
zme,2
akk,3
jaa,2
aih,2
def,1
huk,3
ukw,3
kwu,3
hyu,1
hob,2
iep,1
rou,3
out,2
haf,3
afs,2
fsa,1
enf,1
fuq,1
uqu,1
ydr,1
ogi,1
nrr,1
duo,1
dug,1
uga,1
pse,1
rrl,2
ivs,1
cyt,2
cut,3
ntn,1
rky,1
eby,1
wue,1
uem,1
hrl,1
stm,1
tma,1
iop,4
pei,2
cab,1
bya,2
urg,2
ckt,2
boa,1
oaz,1
etz,1
noi,1
oit,1
zim,1
rwe,1
drz,1
rze,1
zej,1
lir,2
exc,1
xci,1
aku,2
kua,1
gap,1
fti,1
afr,1
bbr,1
zub,2
zof,1
zep,2
zeh,1
zay,4
suk,2
yoh,1
yin,2
ske,4
yai,3
cov,2
wri,1
lll,1
whe,1
wei,1
wag,1
uto,1
opi,2
fna,2
iaw,1
iau,2
iaj,1
oms,2
rsa,1
atc,2
epe,2
ctt,1
sob,1
idd,1
ddh,1
dha,4
iao,1
uir,2
ndh,1
dhy,3
leh,6
ahw,1
hwn,1
oxs,1
ogu,1
cku,1
gov,1
vec,1
mij,3
yfi,1
msa,1
aif,1
ifo,1
uio,2
pur,3
urc,1
pou,1
peo,1
ttr,1
laa,2
aas,2
ckc,1
nep,1
abo,2
myd,1
rgh,2
rvy,1
lch,3
ehm,1
aks,3
ksh,3
axm,1
xmi,1
tlo,1
loc,1
ucs,1
rkc,1
kcu,1
ium,1
moo,1
gnu,2
gic,1
lyz,2
yze,1
yza,1
lyo,1
oue,1
zey,2
nsd,2
ndz,3
dze,1
tiz,4
kuu,2
uui,1
uip,1
kum,2
kue,1
ngm,1
gme,1
mbl,2
keu,1
tsi,3
lii,3
keh,2
ehi,3
aor,1
aiu,1
aeo,1
jum,2
onq,4
ohu,1
ohm,1
jof,1
oea,3
uim,1
jaf,2
cek,1
bez,1
owi,1
wie,1
oai,1
eyw,2
awl,2
wle,2
ofr,2
gef,2
fou,1
fot,2
ooq,1
rtt,1
esg,1
sga,1
sdr,1
ics,2
cso,1
emr,1
mre,1
gdi,2
lza,1
zae,1
beh,1
eht,1
doa,3
oar,1
dib,1
dwo,2
duv,1
dsh,1
doc,2
nld,1
ewo,1
lmy,1
idm,1
dao,1
cyb,2
rwy,3
omf,1
mfo,1
coc,2
aib,1
rop,1
tpo,1
poh,1
cez,1
mry,3
ink,2
bos,2
byj,1
lyj,3
rnh,1
baj,1
utr,1
pos,1
nup,2
ued,1
dnr,2
nre,4
dla,1
eku,1
unl,1
abu,2
abh,3
bhi,1
zoh,1
ohr,2
usr,1
uko,1
yov,1
yez,1
yav,1
woj,1
ojc,1
jci,1
wed,1
waq,1
aqa,1
wae,1
vue,1
hnu,1
vip,1
ipu,1
pul,1
uzo,1
zoa,1
tyh,1
tyc,2
avu,1
vus,1
mok,2
bis,2
omp,1
tex,2
xas,2
esf,1
sfo,1
eej,1
eay,1
req,3
mmr,1
aml,2
mla,2
bot,1
iwo,1
taa,1
aav,1
ybr,1
uhe,2
sot,3
sib,2
iby,1
byl,1
hru,1
oim,1
wta,1
eeq,2
vaw,1
icq,2
meq,1
koy,2
baz,1
eqo,1
qou,1
sek,3
oxx,1
xxa,1
brt,1
vae,1
ebc,1
bcc,1
mzi,1
urv,1
pun,1
csi,1
pow,1
civ,1
gah,2
osk,1
omr,1
oak,1
yko,1
nyg,1
nun,1
unz,1
inj,1
idh,2
klo,1
naw,1
ajm,1
jma,2
aio,1
moy,2
hsi,1
mih,1
ihc,1
hca,1
lvy,1
egn,2
ayu,4
ryi,1
ycl,2
kid,2
izo,1
gny,2
gur,2
rcq,1
lih,2
num,1
ynl,1
uzm,2
dzi,1
esb,1
sbi,1
szl,1
zlo,1
uei,1
ngd,1
gdo,2
kyi,3
uul,1
koj,2
oji,1
knu,1
nut,1
iak,2
kij,2
kif,1
khu,1
yot,2
eey,1
atj,1
tja,2
jyo,1
oso,1
eua,1
joj,1
ojo,3
npe,1
jez,3
zre,1
rvo,1
jec,1
ahv,1
hvo,1
ems,1
zaa,1
yac,1
umz,1
rpr,2
gev,1
ged,1
gad,1
ful,2
fro,2
roi,3
fol,2
fei,2
fas,2
ezz,1
zib,1
ctr,1
edv,1
dva,1
dyw,1
exe,2
rrn,1
olv,2
cim,2
wum,1
orp,1
erp,1
nwe,2
dum,1
ytt,2
ytn,2
brn,2
etn,1
jie,1
bau,3
bac,1
vig,1
hiy,1
aoi,1
oif,1
mym,1
bik,1
lyx,1
xes,1
ldw,1
huv,1
afu,1
fua,2
bde,1
eyk,1
ziy,1
zit,1
zeu,1
zes,1
zas,1
zaf,1
yuv,1
yuj,1
uji,1
yud,1
yob,1
yev,1
yaw,1
yaf,1
vyr,1
vim,1
vib,1
bol,2
ziv,1
yrh,1
urh,1
eyv,1
mpu,1
pus,1
imu,1
fny,1
hyd,2
oeu,4
ekl,1
wsh,1
sni,1
usz,1
ybl,1
wee,1
sud,1
tpe,1
pfo,1
sri,1
vei,1
soj,1
soi,1
soh,1
sno,1
erq,1
heh,1
ehz,1
hza,2
aqw,1
qwa,1
ahz,1
seu,1
gei,1
avv,1
vva,1
voe,1
avh,1
vha,1
diq,1
ryu,1
ruy,1
ruk,1
rds,1
aps,1
sod,1
fik,1
quw,1
uay,3
pua,3
uao,1
rcs,1
csh,1
pon,1
eps,1
psi,1
otn,1
sbo,1
nyx,1
luw,2
wak,1
tok,1
oku,1
unb,1
anr,2
waj,1
ogd,1
gde,2
obd,1
nyy,1
nog,1
hut,1
ewm,1
wma,2
zis,1
siy,1
yrl,1
myo,1
myh,1
yha,1
moz,1
mom,1
oiz,1
miz,1
izr,1
dyt,2
elq,1
lqu,1
sss,1
hiz,1
ehw,1
egy,1
gyn,2
mci,1
cih,1
axa,1
xam,1
uai,1
kic,1
gul,2
ogo,1
dih,1
acu,1
acg,1
cgr,1
luq,1
uqm,1
qma,1
lug,1
udw,1
lof,1
oft,1
dzy,1
eih,1
oyn,1
kvi,1
stj,1
nej,1
ipl,1
pli,1
brl,1
rll,1
ieo,1
ayy,1
lfa,1
eyu,2
eyr,1
yau,1
eok,2
oki,1
lsh,2
etl,1
jvo,1
nko,1
unh,1
nho,1
jub,1
jss,1
jso,1
soe,1
oep,1
osj,1
sje,1
jep,1
hui,1
uam,1
scl,1
nph,1
hnj,1
oat,1
jia,1
jha,1
esy,1
rru,1
fey,1
ayq,1
nss,1
mez,1
esr,1
cqe,1
qel,1
obu,1
srr,1
hym,1
hyk,1
hov,1
ovs,1
vse,1
lna,1
dof,1
ogg,1
ggr,1
uta,1
hot,1
tzr,1
zro,1
nnu,1
siq,1
icb,1
cbe,1
eoi,1
ute,1
lpi,1
pid,1
ihu,1
ekt,1
ktr,1
lef,1
fth,1
eiz,1
dwr,1
wrd,1
uls,1
eux,1
ape,1
onv,1
nva,1
dod,1
dip,1
smu,1
lju,1
ytr,1
idl,1
agm,1
gma,1
daa,1
utl,1
utb,1
tbe,1
crh,1
utn,1
olw,1
ofa,1
otp,1
isu,1
rer,1
bub,2
ubb,1
oad,1
adu,1
rnd,1
owm,1
bye,2
njm,1
edf,1
hll,1
rpa,1
tot,2
otl,1
wio,1
ewj,1
wja,1
anb,1
amj,1
mja,1
alx,1
lxi,1
xiu,1
akh,1
akb,1
kba,1
iys,1
fsh,1
afn,1
faf,1
woa,1
abs,1
bsa,1
